{"lr": 0.0001, "data_time": 0.015225410461425781, "grad_norm": 33.20830535888672, "loss": 10.153653144836426, "inst_loss": 8.773762702941895, "seg_loss": 1.292925477027893, "loss_clip": 0.0869641825556755, "time": 0.5626792907714844, "epoch": 1, "iter": 50, "memory": 8168, "step": 50}
{"lr": 0.0001, "data_time": 0.014019489288330078, "grad_norm": 22.464374542236328, "loss": 10.235264778137207, "inst_loss": 8.875862121582031, "seg_loss": 1.2768114805221558, "loss_clip": 0.08259149640798569, "time": 0.5554683208465576, "epoch": 1, "iter": 100, "memory": 7976, "step": 100}
{"lr": 0.0001, "data_time": 0.010670185089111328, "grad_norm": 13.916240692138672, "loss": 9.925442695617676, "inst_loss": 8.182230949401855, "seg_loss": 1.6642591953277588, "loss_clip": 0.07895246893167496, "time": 0.5806138515472412, "epoch": 1, "iter": 150, "memory": 8036, "step": 150}
{"lr": 0.0001, "data_time": 0.013528108596801758, "grad_norm": 29.436466217041016, "loss": 9.062620162963867, "inst_loss": 7.719378471374512, "seg_loss": 1.2723770141601562, "loss_clip": 0.07086512446403503, "time": 0.5670323371887207, "epoch": 1, "iter": 200, "memory": 8048, "step": 200}
{"lr": 0.0001, "data_time": 0.007888555526733398, "grad_norm": 15.109066009521484, "loss": 9.039054870605469, "inst_loss": 7.560810565948486, "seg_loss": 1.4103708267211914, "loss_clip": 0.06787260621786118, "time": 0.5601160526275635, "epoch": 1, "iter": 250, "memory": 8016, "step": 250}
{"lr": 0.0001, "data_time": 0.00881648063659668, "grad_norm": 19.75206184387207, "loss": 9.050679206848145, "inst_loss": 7.4491682052612305, "seg_loss": 1.5360318422317505, "loss_clip": 0.06547918915748596, "time": 0.5792593955993652, "epoch": 1, "iter": 300, "memory": 8075, "step": 300}
{"lr": 0.0001, "data_time": 0.010016202926635742, "grad_norm": 19.98982810974121, "loss": 8.85451602935791, "inst_loss": 7.209178447723389, "seg_loss": 1.579763412475586, "loss_clip": 0.06557337939739227, "time": 0.5628721714019775, "epoch": 1, "iter": 350, "memory": 8089, "step": 350}
{"lr": 0.0001, "data_time": 0.008907794952392578, "grad_norm": 21.407222747802734, "loss": 8.423065185546875, "inst_loss": 7.12095832824707, "seg_loss": 1.238029956817627, "loss_clip": 0.06407708674669266, "time": 0.5567185878753662, "epoch": 1, "iter": 400, "memory": 8000, "step": 400}
{"lr": 0.0001, "data_time": 0.008953571319580078, "grad_norm": 21.10390853881836, "loss": 7.707481384277344, "inst_loss": 6.378524303436279, "seg_loss": 1.2649067640304565, "loss_clip": 0.06405036896467209, "time": 0.5635232925415039, "epoch": 1, "iter": 450, "memory": 8053, "step": 450}
{"lr": 0.0001, "data_time": 0.007892131805419922, "grad_norm": 15.025500297546387, "loss": 7.8841400146484375, "inst_loss": 6.368348121643066, "seg_loss": 1.4551712274551392, "loss_clip": 0.06062088534235954, "time": 0.5682566165924072, "epoch": 1, "iter": 500, "memory": 8058, "step": 500}
{"lr": 0.0001, "data_time": 0.008033037185668945, "grad_norm": 15.04477310180664, "loss": 7.215663433074951, "inst_loss": 5.770259380340576, "seg_loss": 1.3854799270629883, "loss_clip": 0.059923943132162094, "time": 0.5577764511108398, "epoch": 1, "iter": 550, "memory": 8002, "step": 550}
{"lr": 0.0001, "data_time": 0.014512777328491211, "grad_norm": 26.225839614868164, "loss": 7.716376304626465, "inst_loss": 6.350465774536133, "seg_loss": 1.308882236480713, "loss_clip": 0.05702828988432884, "time": 0.5808370113372803, "epoch": 1, "iter": 600, "memory": 8144, "step": 600}
{"lr": 0.0001, "data_time": 0.009492874145507812, "grad_norm": 24.101490020751953, "loss": 7.7628374099731445, "inst_loss": 6.211639404296875, "seg_loss": 1.492455005645752, "loss_clip": 0.05874287709593773, "time": 0.5697267055511475, "epoch": 1, "iter": 650, "memory": 7921, "step": 650}
{"lr": 0.0001, "data_time": 0.00809931755065918, "grad_norm": 14.508040428161621, "loss": 7.099042892456055, "inst_loss": 5.988797187805176, "seg_loss": 1.0529166460037231, "loss_clip": 0.05732935667037964, "time": 0.5940139293670654, "epoch": 1, "iter": 700, "memory": 7949, "step": 700}
{"lr": 0.0001, "data_time": 0.011960029602050781, "grad_norm": 26.104679107666016, "loss": 8.15482234954834, "inst_loss": 6.803765296936035, "seg_loss": 1.2947194576263428, "loss_clip": 0.056337207555770874, "time": 0.5776739120483398, "epoch": 1, "iter": 750, "memory": 7974, "step": 750}
{"lr": 0.0001, "data_time": 0.008228063583374023, "grad_norm": 19.534156799316406, "loss": 7.905515193939209, "inst_loss": 6.318303108215332, "seg_loss": 1.5305538177490234, "loss_clip": 0.05665813013911247, "time": 0.56170654296875, "epoch": 1, "iter": 800, "memory": 7981, "step": 800}
{"lr": 0.0001, "data_time": 0.0083465576171875, "grad_norm": 14.354713439941406, "loss": 7.776614665985107, "inst_loss": 6.489439487457275, "seg_loss": 1.2330052852630615, "loss_clip": 0.05416994169354439, "time": 0.5755553245544434, "epoch": 1, "iter": 850, "memory": 8054, "step": 850}
{"lr": 0.0001, "data_time": 0.009289264678955078, "grad_norm": 23.33332633972168, "loss": 8.293709754943848, "inst_loss": 7.300633430480957, "seg_loss": 0.9399347305297852, "loss_clip": 0.05314205214381218, "time": 0.6039583683013916, "epoch": 1, "iter": 900, "memory": 8117, "step": 900}
{"lr": 0.0001, "data_time": 0.009229898452758789, "grad_norm": 15.944734573364258, "loss": 7.8820481300354, "inst_loss": 6.508347511291504, "seg_loss": 1.320708990097046, "loss_clip": 0.05299153923988342, "time": 0.5761933326721191, "epoch": 1, "iter": 950, "memory": 7947, "step": 950}
{"lr": 0.0001, "data_time": 0.01274561882019043, "grad_norm": 16.28964614868164, "loss": 6.6481170654296875, "inst_loss": 5.563704013824463, "seg_loss": 1.0317625999450684, "loss_clip": 0.05265050008893013, "time": 0.5881152153015137, "epoch": 1, "iter": 1000, "memory": 8037, "step": 1000}
{"lr": 0.0001, "data_time": 0.008884429931640625, "grad_norm": 24.811721801757812, "loss": 6.967132091522217, "inst_loss": 5.632500648498535, "seg_loss": 1.2830541133880615, "loss_clip": 0.051577188074588776, "time": 0.5602133274078369, "epoch": 1, "iter": 1050, "memory": 8036, "step": 1050}
{"lr": 0.0001, "data_time": 0.007960081100463867, "grad_norm": 16.721006393432617, "loss": 6.355916500091553, "inst_loss": 5.202930927276611, "seg_loss": 1.101804494857788, "loss_clip": 0.05118124559521675, "time": 0.5662474632263184, "epoch": 1, "iter": 1100, "memory": 8054, "step": 1100}
{"lr": 0.0001, "data_time": 0.008058309555053711, "grad_norm": 22.639413833618164, "loss": 8.336068153381348, "inst_loss": 7.063313961029053, "seg_loss": 1.2233599424362183, "loss_clip": 0.04939480870962143, "time": 0.5697174072265625, "epoch": 1, "iter": 1150, "memory": 8027, "step": 1150}
{"lr": 0.0001, "data_time": 0.013586759567260742, "grad_norm": 21.474348068237305, "loss": 6.43779182434082, "inst_loss": 5.297631740570068, "seg_loss": 1.0874526500701904, "loss_clip": 0.05270757898688316, "time": 0.5693001747131348, "epoch": 1, "iter": 1200, "memory": 8042, "step": 1200}
{"lr": 0.0001, "data_time": 0.01112675666809082, "grad_norm": 16.06422233581543, "loss": 6.545109748840332, "inst_loss": 5.331098556518555, "seg_loss": 1.1627334356307983, "loss_clip": 0.05127739906311035, "time": 0.5748414993286133, "epoch": 1, "iter": 1250, "memory": 8053, "step": 1250}
{"lr": 0.0001, "data_time": 0.008721590042114258, "grad_norm": 12.672548294067383, "loss": 8.024552345275879, "inst_loss": 6.5725908279418945, "seg_loss": 1.4008727073669434, "loss_clip": 0.05108863115310669, "time": 0.5752110481262207, "epoch": 1, "iter": 1300, "memory": 8012, "step": 1300}
{"lr": 0.0001, "data_time": 0.01215672492980957, "grad_norm": 24.82611083984375, "loss": 7.891415119171143, "inst_loss": 6.237652778625488, "seg_loss": 1.605143427848816, "loss_clip": 0.048618633300065994, "time": 0.5912909507751465, "epoch": 1, "iter": 1350, "memory": 8002, "step": 1350}
{"lr": 0.0001, "data_time": 0.009894371032714844, "grad_norm": 17.526844024658203, "loss": 5.913155555725098, "inst_loss": 4.981765270233154, "seg_loss": 0.8828274011611938,