{"base_lr": 0.0001, "lr": 0.0001, "data_time": 0.30237812519073487, "grad_norm": 7.786861572265625, "loss": 1.4613468527793885, "inst_loss": 1.2638057720661164, "seg_loss": 0.19754106909036637, "time": 0.8732151508331298, "epoch": 1, "iter": 50, "memory": 9701, "step": 50}
{"base_lr": 0.0001, "lr": 0.0001, "data_time": 0.2995626926422119, "grad_norm": 7.438452863693238, "loss": NaN, "inst_loss": NaN, "seg_loss": 0.19647953391075135, "time": 0.8772006130218506, "epoch": 1, "iter": 100, "memory": 9433, "step": 100}
{"base_lr": 0.0001, "lr": 0.0001, "data_time": 0.29281848430633545, "grad_norm": 7.699142379760742, "loss": NaN, "inst_loss": NaN, "seg_loss": 0.21367243379354478, "time": 0.8685563611984253, "epoch": 1, "iter": 150, "memory": 8805, "step": 150}
{"base_lr": 0.0001, "lr": 0.0001, "data_time": 0.2974878692626953, "grad_norm": 7.2354685497283935, "loss": NaN, "inst_loss": NaN, "seg_loss": 0.2096315261721611, "time": 0.8751495838165283, "epoch": 1, "iter": 200, "memory": 9216, "step": 200}
