{"base_lr": 0.0001, "lr": 0.0001, "data_time": 0.09706456661224365, "grad_norm": 15.176073684692383, "loss": 2.8429538679122923, "inst_loss": 2.3359153699874877, "seg_loss": 0.5070385080575943, "time": 1.1195674514770508, "epoch": 1, "iter": 50, "memory": 17954, "step": 50}
{"base_lr": 0.0001, "lr": 0.0001, "data_time": 0.07769047737121582, "grad_norm": 11.919974040985107, "loss": NaN, "inst_loss": NaN, "seg_loss": 0.3961250638961792, "time": 1.1181615591049194, "epoch": 1, "iter": 100, "memory": 18776, "step": 100}
{"base_lr": 0.0001, "lr": 0.0001, "data_time": 0.07701392650604248, "grad_norm": 10.86907561302185, "loss": NaN, "inst_loss": NaN, "seg_loss": 0.4089627772569656, "time": 1.096925597190857, "epoch": 1, "iter": 150, "memory": 17059, "step": 150}
{"base_lr": 0.0001, "lr": 0.0001, "data_time": 0.07834328174591064, "grad_norm": 10.469620456695557, "loss": NaN, "inst_loss": NaN, "seg_loss": 0.3756133198738098, "time": 1.1265734100341798, "epoch": 1, "iter": 200, "memory": 17529, "step": 200}
{"base_lr": 0.0001, "lr": 0.0001, "data_time": 0.07839875221252442, "grad_norm": 10.191092767715453, "loss": 2.209591796398163, "inst_loss": 1.8089941501617433, "seg_loss": 0.4005976411700249, "time": 1.1105195569992066, "epoch": 1, "iter": 250, "memory": 17382, "step": 250}
{"base_lr": 0.0001, "lr": 0.0001, "data_time": 0.0802857208251953, "grad_norm": 9.62508147239685, "loss": NaN, "inst_loss": NaN, "seg_loss": 0.4090753549337387, "time": 1.1100977230072022, "epoch": 1, "iter": 300, "memory": 17771, "step": 300}
{"base_lr": 0.0001, "lr": 0.0001, "data_time": 0.07537848472595216, "grad_norm": 9.647223043441773, "loss": NaN, "inst_loss": NaN, "seg_loss": 0.3974326741695404, "time": 1.105120120048523, "epoch": 1, "iter": 350, "memory": 16486, "step": 350}
{"base_lr": 0.0001, "lr": 0.0001, "data_time": 0.07884021282196045, "grad_norm": 9.421272478103639, "loss": NaN, "inst_loss": NaN, "seg_loss": 0.4047329494357109, "time": 1.1365766191482545, "epoch": 1, "iter": 400, "memory": 17691, "step": 400}
{"base_lr": 0.0001, "lr": 0.0001, "data_time": 0.07768781661987305, "grad_norm": 9.262604417800903, "loss": 2.0849334526062013, "inst_loss": 1.7219938778877257, "seg_loss": 0.3629395544528961, "time": 1.1074722862243653, "epoch": 1, "iter": 450, "memory": 16142, "step": 450}
{"base_lr": 0.0001, "lr": 0.0001, "data_time": 0.07979495525360107, "grad_norm": 9.03379460334778, "loss": 2.0539245581626893, "inst_loss": 1.679683337211609, "seg_loss": 0.37424122214317324, "time": 1.132608127593994, "epoch": 1, "iter": 500, "memory": 18604, "step": 500}
{"base_lr": 0.0001, "lr": 0.0001, "data_time": 0.08616857528686524, "grad_norm": 9.115630445480347, "loss": 2.1658059549331665, "inst_loss": 1.7645035552978516, "seg_loss": 0.40130239188671113, "time": 1.143111958503723, "epoch": 1, "iter": 550, "memory": 19399, "step": 550}
{"base_lr": 0.0001, "lr": 0.0001, "data_time": 0.07948032855987548, "grad_norm": 8.679047031402588, "loss": 2.0911811280250547, "inst_loss": 1.7116057825088502, "seg_loss": 0.3795753553509712, "time": 1.1024927711486816, "epoch": 1, "iter": 600, "memory": 18600, "step": 600}
{"base_lr": 9.929105877325953e-05, "lr": 9.929105877325953e-05, "data_time": 0.09296835422515869, "grad_norm": 8.505318908691406, "loss": NaN, "inst_loss": NaN, "seg_loss": 0.3778590261936188, "time": 1.1488512086868286, "epoch": 2, "iter": 676, "memory": 17866, "step": 676}
{"base_lr": 9.929105877325953e-05, "lr": 9.929105877325953e-05, "data_time": 0.07911460876464843, "grad_norm": 8.603027019500733, "loss": NaN, "inst_loss": NaN, "seg_loss": 0.37760042876005173, "time": 1.1248815727233887, "epoch": 2, "iter": 726, "memory": 18558, "step": 726}
{"base_lr": 9.929105877325953e-05, "lr": 9.929105877325953e-05, "data_time": 0.07741409778594971, "grad_norm": 8.191677417755127, "loss": NaN, "inst_loss": NaN, "seg_loss": 0.3645633938908577, "time": 1.1309903907775878, "epoch": 2, "iter": 776, "memory": 17390, "step": 776}
{"base_lr": 9.929105877325953e-05, "lr": 9.929105877325953e-05, "data_time": 0.0797658348083496, "grad_norm": 8.542012815475465, "loss": 2.0647313451766967, "inst_loss": 1.685251569747925, "seg_loss": 0.37947978258132936, "time": 1.148203239440918, "epoch": 2, "iter": 826, "memory": 20201, "step": 826}
{"base_lr": 9.929105877325953e-05, "lr": 9.929105877325953e-05, "data_time": 0.07771644115447998, "grad_norm": 8.728754777908325, "loss": NaN, "inst_loss": NaN, "seg_loss": 0.3840546479821205, "time": 1.091660933494568, "epoch": 2, "iter": 876, "memory": 16520, "step": 876}
{"base_lr": 9.929105877325953e-05, "lr": 9.929105877325953e-05, "data_time": 0.08021876335144043, "grad_norm": 8.509368677139282, "loss": 2.075722098350525, "inst_loss": 1.6959124279022217, "seg_loss": 0.37980966150760653, "time": 1.1395649909973145, "epoch": 2, "iter": 926, "memory": 20702, "step": 926}
{"base_lr": 9.929105877325953e-05, "lr": 9.929105877325953e-05, "data_time": 0.080756254196167, "grad_norm": 8.301100816726684, "loss": NaN, "inst_loss": NaN, "seg_loss": 0.3724045959115028, "time": 1.1185329389572143, "epoch": 2, "iter": 976, "memory": 17740, "step": 976}
{"base_lr": 9.929105877325953e-05, "lr": 9.929105877325953e-05, "data_time": 0.07993359565734863, "grad_norm": 8.257537794113158, "loss": NaN, "inst_loss": NaN, "seg_loss": 0.3766262984275818, "time": 1.0963779973983765, "epoch": 2, "iter": 1026, "memory": 18923, "step": 1026}
{"base_lr": 9.929105877325953e-05, "lr": 9.929105877325953e-05, "data_time": 0.08045224666595459, "grad_norm": 8.478080549240111, "loss": NaN, "inst_loss": NaN, "seg_loss": 0.36452490359544754, "time": 1.1159507465362548, "epoch": 2, "iter": 1076, "memory": 17884, "step": 1076}
{"base_lr": 9.929105877325953e-05, "lr": 9.929105877325953e-05, "data_time": 0.07937176704406738, "grad_norm": 8.628447313308715, "loss": NaN, "inst_loss": NaN, "seg_loss": 0.37044729977846147, "time": 1.1140758085250855, "epoch": 2, "iter": 1126, "memory": 17894, "step": 1126}
{"base_lr": 9.929105877325953e-05, "lr": 9.929105877325953e-05, "data_time": 0.07798854827880859, "grad_norm": 8.017727031707764, "loss": NaN, "inst_loss": NaN, "seg_loss": 0.3725469559431076, "time": 1.1357289743423462, "epoch": 2, "iter": 1176, "memory": 16879, "step": 1176}
{"base_lr": 9.929105877325953e-05, "lr": 9.929105877325953e-05, "data_time": 0.07640342235565185, "grad_norm": 8.749811267852783, "loss": NaN, "inst_loss": NaN, "seg_loss": 0.3581974157691002, "time": 1.1208776140213013, "epoch": 2, "iter": 1226, "memory": 18420, "step": 1226}
{"base_lr": 9.858155466521104e-05, "lr": 9.858155466521104e-05, "data_time": 0.09111221313476563, "grad_norm": 8.460356321334839, "loss": NaN, "inst_loss": NaN, "seg_loss": 0.3594680863618851, "time": 1.1230388116836547, "epoch": 3, "iter": 1302, "memory": 19214, "step": 1302}
{"base_lr": 9.858155466521104e-05, "lr": 9.858155466521104e-05, "data_time": 0.0787155818939209, "grad_norm": 8.048162097930907, "loss": NaN, "inst_loss": NaN, "seg_loss": 0.36857199102640154, "time": 1.1385822820663452, "epoch": 3, "iter": 1352, "memory": 17788, "step": 1352}
{"base_lr": 9.858155466521104e-05, "lr": 9.858155466521104e-05, "data_time": 0.07909152030944824, "grad_norm": 7.5846658706665036, "loss": NaN, "inst_loss": NaN, "seg_loss": 0.3621746048331261, "time": 1.143735556602478, "epoch": 3, "iter": 1402, "memory": 20443, "step": 1402}
{"base_lr": 9.858155466521104e-05, "lr": 9.858155466521104e-05, "data_time": 0.08111414909362794, "grad_norm": 7.8170223045349125, "loss": NaN, "inst_loss": NaN, "seg_loss": 0.3500885605812073, "time": 1.1451439237594605, "epoch": 3, "iter": 1452, "memory": 18283, "step": 1452}
{"base_lr": 9.858155466521104e-05, "lr": 9.858155466521104e-05, "data_time": 0.08141676425933837, "grad_norm": 7.767961406707764, "loss": 1.9982951879501343, "inst_loss": 1.6445656895637513, "seg_loss": 0.35372950345277787, "time": 1.1165234565734863, "epoch": 3, "iter": 1502, "memory": 17192, "step": 1502}
{"base_lr": 9.858155466521104e-05, "lr": 9.858155466521104e-05,