{"lr": 5e-05, "data_time": 0.32157206535339355, "loss": 11.451578140258789, "inst_loss": 9.20274543762207, "seg_loss": 2.178995132446289, "loss_clip": 0.06983804702758789, "fusion_2d_ratio": 0.27327996492385864, "fusion_3d_ratio": 0.7267200350761414, "avg_confidence": 0.27327996492385864, "valid_points_ratio": 0.43320000171661377, "time": 0.8945217132568359, "epoch": 1, "iter": 1, "memory": 2836, "step": 1}
{"lr": 5e-05, "data_time": 0.08473491668701172, "loss": 11.576028823852539, "inst_loss": 9.178119659423828, "seg_loss": 2.322643756866455, "loss_clip": 0.07526581734418869, "fusion_2d_ratio": 0.5, "fusion_3d_ratio": 0.5, "avg_confidence": 0.5, "valid_points_ratio": 1.0, "time": 0.2539329528808594, "epoch": 1, "iter": 2, "memory": 3009, "step": 2}
{"lr": 5e-05, "data_time": 0.03199291229248047, "loss": 11.341216087341309, "inst_loss": 9.052902221679688, "seg_loss": 2.221898317337036, "loss_clip": 0.06641580909490585, "fusion_2d_ratio": 0.45489999651908875, "fusion_3d_ratio": 0.5450999736785889, "avg_confidence": 0.45489999651908875, "valid_points_ratio": 0.8872500061988831, "time": 0.2010965347290039, "epoch": 1, "iter": 3, "memory": 3040, "step": 3}
{"lr": 5e-05, "data_time": 0.03353619575500488, "loss": 11.794591903686523, "inst_loss": 9.49460220336914, "seg_loss": 2.2075908184051514, "loss_clip": 0.09239839017391205, "fusion_2d_ratio": 0.1515199840068817, "fusion_3d_ratio": 0.8484799861907959, "avg_confidence": 0.1515199840068817, "valid_points_ratio": 0.12879998981952667, "time": 0.23030781745910645, "grad_norm": 24.548479080200195, "epoch": 1, "iter": 4, "memory": 2976, "step": 4}
{"lr": 5e-05, "data_time": 0.031007766723632812, "loss": 12.726943969726562, "inst_loss": 10.533979415893555, "seg_loss": 2.1229991912841797, "loss_clip": 0.0699654147028923, "fusion_2d_ratio": 0.5, "fusion_3d_ratio": 0.5, "avg_confidence": 0.5, "valid_points_ratio": 1.0, "time": 0.20339059829711914, "grad_norm": 24.548479080200195, "epoch": 1, "iter": 5, "memory": 3123, "step": 5}
{"lr": 5e-05, "data_time": 0.026292085647583008, "loss": 11.224428176879883, "inst_loss": 8.965760231018066, "seg_loss": 2.200247287750244, "loss_clip": 0.05842064693570137, "fusion_2d_ratio": 0.4012399911880493, "fusion_3d_ratio": 0.5987600088119507, "avg_confidence": 0.4012399911880493, "valid_points_ratio": 0.7530999779701233, "time": 0.20399117469787598, "grad_norm": 24.548479080200195, "epoch": 1, "iter": 6, "memory": 3393, "step": 6}
{"lr": 5e-05, "data_time": 0.06478738784790039, "loss": 11.503165245056152, "inst_loss": 9.29850959777832, "seg_loss": 2.137352466583252, "loss_clip": 0.06730383634567261, "fusion_2d_ratio": 0.49827995896339417, "fusion_3d_ratio": 0.5017200708389282, "avg_confidence": 0.49827995896339417, "valid_points_ratio": 0.9957000017166138, "time": 0.23618197441101074, "grad_norm": 24.548479080200195, "epoch": 1, "iter": 7, "memory": 3331, "step": 7}
{"lr": 5e-05, "data_time": 0.03191018104553223, "loss": 11.571552276611328, "inst_loss": 9.191231727600098, "seg_loss": 2.316718578338623, "loss_clip": 0.0636025220155716, "fusion_2d_ratio": 0.2747199833393097, "fusion_3d_ratio": 0.7252800464630127, "avg_confidence": 0.2747199833393097, "valid_points_ratio": 0.4368000030517578, "time": 0.20995378494262695, "grad_norm": 35.472930908203125, "epoch": 1, "iter": 8, "memory": 3416, "step": 8}
{"lr": 5e-05, "data_time": 0.03615164756774902, "loss": 11.516308784484863, "inst_loss": 9.367000579833984, "seg_loss": 2.095714569091797, "loss_clip": 0.05359342694282532, "fusion_2d_ratio": 0.2776399850845337, "fusion_3d_ratio": 0.7223600149154663, "avg_confidence": 0.2776399850845337, "valid_points_ratio": 0.4440999925136566, "time": 0.20534253120422363, "grad_norm": 35.472930908203125, "epoch": 1, "iter": 9, "memory": 3258, "step": 9}
{"lr": 5e-05, "data_time": 0.03444027900695801, "loss": 10.82269287109375, "inst_loss": 8.806275367736816, "seg_loss": 1.962328314781189, "loss_clip": 0.05408945307135582, "fusion_2d_ratio": 0.39865997433662415, "fusion_3d_ratio": 0.6013400554656982, "avg_confidence": 0.39865997433662415, "valid_points_ratio": 0.746649980545044, "time": 0.2051548957824707, "grad_norm": 35.472930908203125, "epoch": 1, "iter": 10, "memory": 3359, "step": 10}
