{"lr": 0.0001, "data_time": 0.039108991622924805, "grad_norm": 12.585411071777344, "loss": 8.825173377990723, "inst_loss": 7.495471954345703, "seg_loss": 1.2359724044799805, "loss_clip": 0.09372904896736145, "time": 0.8324053287506104, "epoch": 1, "iter": 50, "memory": 9415, "step": 50}
{"lr": 0.0001, "data_time": 0.0061914920806884766, "grad_norm": 19.814760208129883, "loss": 9.288690567016602, "inst_loss": 7.45299768447876, "seg_loss": 1.7512176036834717, "loss_clip": 0.08447558432817459, "time": 0.836904764175415, "epoch": 1, "iter": 100, "memory": 9544, "step": 100}
