{"lr": 0.0001, "data_time": 0.06953215599060059, "grad_norm": 5.193668842315674, "loss": 8.063825607299805, "inst_loss": 6.5554938316345215, "seg_loss": 1.42995023727417, "loss_clip": 0.07838154584169388, "time": 2.7115116119384766, "epoch": 1, "iter": 50, "memory": 19453, "step": 50}
