{"lr": 5e-05, "data_time": 0.08986353874206543, "loss": 8.990577697753906, "inst_loss": 6.921893119812012, "seg_loss": 2.0269486904144287, "loss_clip": 0.0417354516685009, "fusion_2d_ratio": 0.10000000894069672, "fusion_3d_ratio": 0.8999999761581421, "avg_confidence": 0.10000000894069672, "valid_points_ratio": 0.0, "time": 0.5767264366149902, "grad_norm": 32.237998962402344, "epoch": 1, "iter": 10, "memory": 7038, "step": 10}
{"lr": 5e-05, "data_time": 0.06879138946533203, "loss": 8.933866500854492, "inst_loss": 6.946033477783203, "seg_loss": 1.9555904865264893, "loss_clip": 0.03224299103021622, "fusion_2d_ratio": 0.1041400134563446, "fusion_3d_ratio": 0.895859956741333, "avg_confidence": 0.1041400134563446, "valid_points_ratio": 0.010350000113248825, "time": 0.6094233989715576, "grad_norm": 28.39560317993164, "epoch": 1, "iter": 20, "memory": 7031, "step": 20}
{"lr": 5e-05, "data_time": 0.06631779670715332, "loss": 8.756837844848633, "inst_loss": 6.810971260070801, "seg_loss": 1.9300098419189453, "loss_clip": 0.015857120975852013, "fusion_2d_ratio": 0.10000000894069672, "fusion_3d_ratio": 0.8999999761581421, "avg_confidence": 0.10000000894069672, "valid_points_ratio": 0.0, "time": 0.5944273471832275, "grad_norm": 14.900368690490723, "epoch": 1, "iter": 30, "memory": 7025, "step": 30}
{"lr": 5e-05, "data_time": 0.07208800315856934, "loss": 9.328550338745117, "inst_loss": 7.504570960998535, "seg_loss": 1.8144769668579102, "loss_clip": 0.009502854198217392, "fusion_2d_ratio": 0.11150000989437103, "fusion_3d_ratio": 0.8884999752044678, "avg_confidence": 0.11150000989437103, "valid_points_ratio": 0.028749998658895493, "time": 0.6132771968841553, "grad_norm": 20.244129180908203, "epoch": 1, "iter": 40, "memory": 7184, "step": 40}
{"lr": 5e-05, "data_time": 0.11366152763366699, "loss": 9.043810844421387, "inst_loss": 7.313883304595947, "seg_loss": 1.7245594263076782, "loss_clip": 0.005368348211050034, "fusion_2d_ratio": 0.10000000894069672, "fusion_3d_ratio": 0.8999999761581421, "avg_confidence": 0.10000000894069672, "valid_points_ratio": 0.0, "time": 0.6352875232696533, "grad_norm": 28.570510864257812, "epoch": 1, "iter": 50, "memory": 7054, "step": 50}
{"lr": 5e-05, "data_time": 0.06077909469604492, "loss": 8.365596771240234, "inst_loss": 6.677300453186035, "seg_loss": 1.685282588005066, "loss_clip": 0.003013692330569029, "fusion_2d_ratio": 0.11938000470399857, "fusion_3d_ratio": 0.880620002746582, "avg_confidence": 0.11938000470399857, "valid_points_ratio": 0.04845000058412552, "time": 0.6265761852264404, "grad_norm": 18.39238739013672, "epoch": 1, "iter": 60, "memory": 7195, "step": 60}
