{"lr": 5e-05, "data_time": 0.06416749954223633, "loss": 9.074003219604492, "inst_loss": 6.822583198547363, "seg_loss": 2.1519927978515625, "loss_clip": 0.09942759573459625, "fusion_2d_ratio": 0.10000000894069672, "fusion_3d_ratio": 0.8999999761581421, "avg_confidence": 0.10000000894069672, "valid_points_ratio": 0.0, "time": 0.5672619342803955, "grad_norm": 28.326967239379883, "epoch": 1, "iter": 10, "memory": 7056, "step": 10}
