{"lr": 0.0001, "data_time": 0.08376564502716065, "grad_norm": 33.33287921905517, "loss": NaN, "inst_loss": NaN, "seg_loss": 1.9550872802734376, "time": 0.6003065919876098, "epoch": 1, "iter": 50, "memory": 4527, "step": 50}
{"lr": 0.0001, "data_time": 0.05654924869537353, "grad_norm": 21.90721019744873, "loss": 5.498925304412841, "inst_loss": 4.085633997917175, "seg_loss": 1.413291335105896, "time": 0.575756688117981, "epoch": 1, "iter": 100, "memory": 4688, "step": 100}
{"lr": 0.0001, "data_time": 0.058739733695983884, "grad_norm": 17.375662117004396, "loss": NaN, "inst_loss": NaN, "seg_loss": 1.2226875996589661, "time": 0.5796534538269043, "epoch": 1, "iter": 150, "memory": 4994, "step": 150}
{"lr": 0.0001, "data_time": 0.06101077556610107, "grad_norm": 18.74173625946045, "loss": 4.514530425071716, "inst_loss": 3.3797206020355226, "seg_loss": 1.1348098301887513, "time": 0.5787572050094605, "epoch": 1, "iter": 200, "memory": 4773, "step": 200}
{"lr": 0.0001, "data_time": 0.0631458330154419, "grad_norm": 14.467069511413575, "loss": NaN, "inst_loss": NaN, "seg_loss": 1.073741810321808, "time": 0.5814385557174683, "epoch": 1, "iter": 250, "memory": 4718, "step": 250}
