{"base_lr": 0.0001, "lr": 0.0001, "data_time": 0.10267982482910157, "grad_norm": 15.732812023162841, "loss": NaN, "inst_loss": NaN, "seg_loss": 0.5274968129396439, "time": 0.8240781593322754, "epoch": 1, "iter": 50, "memory": 9159, "step": 50}
{"base_lr": 0.0001, "lr": 0.0001, "data_time": 0.08210118293762207, "grad_norm": 11.43996820449829, "loss": NaN, "inst_loss": NaN, "seg_loss": 0.4074292206764221, "time": 0.8018630933761597, "epoch": 1, "iter": 100, "memory": 9501, "step": 100}
{"base_lr": 0.0001, "lr": 0.0001, "data_time": 0.08032248497009277, "grad_norm": 10.24694790840149, "loss": 2.2255632400512697, "inst_loss": 1.8124725604057312, "seg_loss": 0.4130906796455383, "time": 0.8034887409210205, "epoch": 1, "iter": 150, "memory": 9327, "step": 150}
{"base_lr": 0.0001, "lr": 0.0001, "data_time": 0.07859153747558593, "grad_norm": 9.980224924087524, "loss": 2.2045580339431763, "inst_loss": 1.8112926173210144, "seg_loss": 0.3932654076814652, "time": 0.7904327440261841, "epoch": 1, "iter": 200, "memory": 8635, "step": 200}
{"base_lr": 0.0001, "lr": 0.0001, "data_time": 0.07813704490661622, "grad_norm": 10.669484882354736, "loss": NaN, "inst_loss": NaN, "seg_loss": 0.41707525491714476, "time": 0.7882894277572632, "epoch": 1, "iter": 250, "memory": 9112, "step": 250}
{"base_lr": 0.0001, "lr": 0.0001, "data_time": 0.07989715099334717, "grad_norm": 9.615675115585328, "loss": 2.1705596351623537, "inst_loss": 1.7706769490242005, "seg_loss": 0.3998826736211777, "time": 0.7895818424224853, "epoch": 1, "iter": 300, "memory": 9519, "step": 300}
{"base_lr": 0.0001, "lr": 0.0001, "data_time": 0.08215032577514648, "grad_norm": 9.860580539703369, "loss": NaN, "inst_loss": NaN, "seg_loss": 0.42443736612796784, "time": 0.8014876222610474, "epoch": 1, "iter": 350, "memory": 9676, "step": 350}
{"base_lr": 0.0001, "lr": 0.0001, "data_time": 0.07885185718536376, "grad_norm": 9.79813943862915, "loss": NaN, "inst_loss": NaN, "seg_loss": 0.4131729686260223, "time": 0.8016498851776123, "epoch": 1, "iter": 400, "memory": 10583, "step": 400}
{"base_lr": 0.0001, "lr": 0.0001, "data_time": 0.08117147922515869, "grad_norm": 9.88181074142456, "loss": 2.1498638224601745, "inst_loss": 1.7691787886619568, "seg_loss": 0.380685031414032, "time": 0.798283371925354, "epoch": 1, "iter": 450, "memory": 9156, "step": 450}
{"base_lr": 0.0001, "lr": 0.0001, "data_time": 0.0783767318725586, "grad_norm": 9.043042001724244, "loss": NaN, "inst_loss": NaN, "seg_loss": 0.3833616256713867, "time": 0.7796485662460327, "epoch": 1, "iter": 500, "memory": 8852, "step": 500}
{"base_lr": 0.0001, "lr": 0.0001, "data_time": 0.08311200141906738, "grad_norm": 9.411249809265136, "loss": NaN, "inst_loss": NaN, "seg_loss": 0.3945180454850197, "time": 0.7828924989700318, "epoch": 1, "iter": 550, "memory": 8979, "step": 550}
{"base_lr": 0.0001, "lr": 0.0001, "data_time": 0.07877715110778809, "grad_norm": 10.029943161010742, "loss": NaN, "inst_loss": NaN, "seg_loss": 0.38881004840135575, "time": 0.7950822830200195, "epoch": 1, "iter": 600, "memory": 9126, "step": 600}
{"base_lr": 9.929105877325953e-05, "lr": 9.929105877325953e-05, "data_time": 0.09859780311584472, "grad_norm": 8.169989395141602, "loss": 2.034643597602844, "inst_loss": 1.662989673614502, "seg_loss": 0.371653912961483, "time": 0.8428360986709594, "epoch": 2, "iter": 676, "memory": 9047, "step": 676}
{"base_lr": 9.929105877325953e-05, "lr": 9.929105877325953e-05, "data_time": 0.08563215255737305, "grad_norm": 8.777306642532348, "loss": NaN, "inst_loss": NaN, "seg_loss": 0.3795944905281067, "time": 0.8051702213287354, "epoch": 2, "iter": 726, "memory": 8840, "step": 726}
{"base_lr": 9.929105877325953e-05, "lr": 9.929105877325953e-05, "data_time": 0.08382646560668945, "grad_norm": 8.826619415283202, "loss": NaN, "inst_loss": NaN, "seg_loss": 0.3814733695983887, "time": 0.7975105047225952, "epoch": 2, "iter": 776, "memory": 9090, "step": 776}
{"base_lr": 9.929105877325953e-05, "lr": 9.929105877325953e-05, "data_time": 0.0842622995376587, "grad_norm": 8.701038227081298, "loss": NaN, "inst_loss": NaN, "seg_loss": 0.372481637597084, "time": 0.8060781192779541, "epoch": 2, "iter": 826, "memory": 8983, "step": 826}
{"base_lr": 9.929105877325953e-05, "lr": 9.929105877325953e-05, "data_time": 0.08324126243591308, "grad_norm": 8.967962560653687, "loss": NaN, "inst_loss": NaN, "seg_loss": 0.3918792140483856, "time": 0.7888599824905396, "epoch": 2, "iter": 876, "memory": 9546, "step": 876}
{"base_lr": 9.929105877325953e-05, "lr": 9.929105877325953e-05, "data_time": 0.08230002403259278, "grad_norm": 9.109204778671264, "loss": NaN, "inst_loss": NaN, "seg_loss": 0.3777889013290405, "time": 0.8087770938873291, "epoch": 2, "iter": 926, "memory": 9349, "step": 926}
{"base_lr": 9.929105877325953e-05, "lr": 9.929105877325953e-05, "data_time": 0.08409801959991454, "grad_norm": 8.508810453414917, "loss": NaN, "inst_loss": NaN, "seg_loss": 0.37440583646297454, "time": 0.814570050239563, "epoch": 2, "iter": 976, "memory": 10056, "step": 976}
{"base_lr": 9.929105877325953e-05, "lr": 9.929105877325953e-05, "data_time": 0.08482896327972413, "grad_norm": 8.089674730300903, "loss": NaN, "inst_loss": NaN, "seg_loss": 0.37925446927547457, "time": 0.8132726240158081, "epoch": 2, "iter": 1026, "memory": 9564, "step": 1026}
