{"lr": 0.0001, "data_time": 0.010947227478027344, "grad_norm": 29.73531150817871, "loss": 8.797991752624512, "inst_loss": 7.245034217834473, "seg_loss": 1.4658480882644653, "loss_clip": 0.08710967004299164, "time": 1.141505479812622, "epoch": 1, "iter": 50, "memory": 10915, "step": 50}
{"lr": 0.0001, "data_time": 0.006131410598754883, "grad_norm": 15.926986694335938, "loss": 8.50180435180664, "inst_loss": 7.145668029785156, "seg_loss": 1.2777118682861328, "loss_clip": 0.07842481136322021, "time": 1.1013624668121338, "epoch": 1, "iter": 100, "memory": 10964, "step": 100}
{"lr": 0.0001, "data_time": 0.020904541015625, "grad_norm": 9.448643684387207, "loss": 8.35191822052002, "inst_loss": 6.767448902130127, "seg_loss": 1.5121729373931885, "loss_clip": 0.07229592651128769, "time": 1.104424238204956, "epoch": 1, "iter": 150, "memory": 10941, "step": 150}
{"lr": 0.0001, "data_time": 0.0065305233001708984, "grad_norm": 23.642492294311523, "loss": 7.832333087921143, "inst_loss": 6.317666053771973, "seg_loss": 1.4469292163848877, "loss_clip": 0.06773814558982849, "time": 1.0754590034484863, "epoch": 1, "iter": 200, "memory": 10800, "step": 200}
{"lr": 0.0001, "data_time": 0.010575532913208008, "grad_norm": 10.64779281616211, "loss": 8.03865909576416, "inst_loss": 6.465974807739258, "seg_loss": 1.5066545009613037, "loss_clip": 0.06602960079908371, "time": 1.1145880222320557, "epoch": 1, "iter": 250, "memory": 10780, "step": 250}
