{"lr": 5e-05, "data_time": 0.08631324768066406, "loss": 9.051915168762207, "inst_loss": 7.235357761383057, "seg_loss": 1.7729301452636719, "loss_clip": 0.04362814128398895, "fusion_2d_ratio": 0.10000000894069672, "fusion_3d_ratio": 0.8999999761581421, "avg_confidence": 0.10000000894069672, "valid_points_ratio": 0.0, "time": 0.5582771301269531, "grad_norm": 44.14889144897461, "epoch": 1, "iter": 10, "memory": 7217, "step": 10}
