{"lr": 0.0001, "data_time": 0.01552581787109375, "grad_norm": 14.886261940002441, "loss": 9.816267967224121, "inst_loss": 8.477144241333008, "seg_loss": 1.2500834465026855, "loss_clip": 0.08903984725475311, "time": 0.5702366828918457, "epoch": 1, "iter": 50, "memory": 8085, "step": 50}
{"lr": 0.0001, "data_time": 0.012971639633178711, "grad_norm": 20.96504020690918, "loss": 9.802438735961914, "inst_loss": 8.073099136352539, "seg_loss": 1.6464014053344727, "loss_clip": 0.08293801546096802, "time": 0.5704159736633301, "epoch": 1, "iter": 100, "memory": 8050, "step": 100}
{"lr": 0.0001, "data_time": 0.008379459381103516, "grad_norm": 16.064895629882812, "loss": 9.541020393371582, "inst_loss": 8.028175354003906, "seg_loss": 1.4352521896362305, "loss_clip": 0.07759280502796173, "time": 0.5652804374694824, "epoch": 1, "iter": 150, "memory": 8058, "step": 150}
