{"lr": 5e-05, "data_time": 0.0704183578491211, "loss": 9.326375961303711, "inst_loss": 7.129485607147217, "seg_loss": 2.1706435680389404, "loss_clip": 0.026246551424264908, "fusion_2d_ratio": 0.10000000894069672, "fusion_3d_ratio": 0.8999999761581421, "avg_confidence": 0.10000000894069672, "valid_points_ratio": 0.0, "time": 0.5683088302612305, "grad_norm": 47.41078186035156, "epoch": 1, "iter": 10, "memory": 7021, "step": 10}
