{"lr": 0.0001, "data_time": 0.014488935470581055, "grad_norm": 19.915485382080078, "loss": 9.3552827835083, "inst_loss": 7.588592052459717, "seg_loss": 1.6739038228988647, "loss_clip": 0.09278678148984909, "time": 0.8381500244140625, "epoch": 1, "iter": 50, "memory": 9513, "step": 50}
{"lr": 0.0001, "data_time": 0.0062253475189208984, "grad_norm": 19.506078720092773, "loss": 9.059883117675781, "inst_loss": 7.364294052124023, "seg_loss": 1.6121013164520264, "loss_clip": 0.08348732441663742, "time": 0.8204288482666016, "epoch": 1, "iter": 100, "memory": 9580, "step": 100}
