{"base_lr": 0.0001, "lr": 0.0001, "data_time": 0.10667604923248292, "grad_norm": 16.523873710632323, "loss": NaN, "inst_loss": NaN, "seg_loss": 0.5300463080406189, "time": 0.7315088844299317, "epoch": 1, "iter": 50, "memory": 8547, "step": 50}
{"base_lr": 0.0001, "lr": 0.0001, "data_time": 0.08060184001922607, "grad_norm": 11.794886093139649, "loss": NaN, "inst_loss": NaN, "seg_loss": 0.44051549792289735, "time": 0.7010555934906005, "epoch": 1, "iter": 100, "memory": 8666, "step": 100}
{"base_lr": 0.0001, "lr": 0.0001, "data_time": 0.08119000911712647, "grad_norm": 11.243799247741698, "loss": 2.556040382385254, "inst_loss": 2.120851218700409, "seg_loss": 0.43518915474414827, "time": 0.7034871435165405, "epoch": 1, "iter": 150, "memory": 9237, "step": 150}
{"base_lr": 0.0001, "lr": 0.0001, "data_time": 0.0830848741531372, "grad_norm": 11.0391184425354, "loss": NaN, "inst_loss": NaN, "seg_loss": 0.44478837966918944, "time": 0.6989924430847168, "epoch": 1, "iter": 200, "memory": 8579, "step": 200}
{"base_lr": 0.0001, "lr": 0.0001, "data_time": 0.0804464864730835, "grad_norm": 10.04961287498474, "loss": 2.284697813987732, "inst_loss": 1.8750510478019715, "seg_loss": 0.4096467679738998, "time": 0.7010949754714966, "epoch": 1, "iter": 250, "memory": 9445, "step": 250}
{"base_lr": 0.0001, "lr": 0.0001, "data_time": 0.07979048728942871, "grad_norm": 10.575663995742797, "loss": NaN, "inst_loss": NaN, "seg_loss": 0.4030261266231537, "time": 0.7003468847274781, "epoch": 1, "iter": 300, "memory": 8717, "step": 300}
{"base_lr": 0.0001, "lr": 0.0001, "data_time": 0.07737946510314941, "grad_norm": 9.853281059265136, "loss": 2.2789046931266785, "inst_loss": 1.8690729212760926, "seg_loss": 0.40983174860477445, "time": 0.6943970966339111, "epoch": 1, "iter": 350, "memory": 9023, "step": 350}
{"base_lr": 0.0001, "lr": 0.0001, "data_time": 0.07667768001556396, "grad_norm": 10.199131546020508, "loss": NaN, "inst_loss": NaN, "seg_loss": 0.41325206935405734, "time": 0.6959262990951538, "epoch": 1, "iter": 400, "memory": 8932, "step": 400}
{"base_lr": 0.0001, "lr": 0.0001, "data_time": 0.07897123336791992, "grad_norm": 10.234774646759034, "loss": 2.303902769088745, "inst_loss": 1.8815193557739258, "seg_loss": 0.4223834055662155, "time": 0.696654806137085, "epoch": 1, "iter": 450, "memory": 8799, "step": 450}
{"base_lr": 0.0001, "lr": 0.0001, "data_time": 0.07821885108947754, "grad_norm": 9.695552434921265, "loss": NaN, "inst_loss": NaN, "seg_loss": 0.41220100462436676, "time": 0.6987224340438842, "epoch": 1, "iter": 500, "memory": 8813, "step": 500}
{"base_lr": 0.0001, "lr": 0.0001, "data_time": 0.0815189790725708, "grad_norm": 9.457287120819093, "loss": NaN, "inst_loss": NaN, "seg_loss": 0.4183486664295197, "time": 0.7016454744338989, "epoch": 1, "iter": 550, "memory": 9387, "step": 550}
{"base_lr": 0.0001, "lr": 0.0001, "data_time": 0.078918719291687, "grad_norm": 9.680456819534301, "loss": NaN, "inst_loss": NaN, "seg_loss": 0.3873488274216652, "time": 0.6976361179351807, "epoch": 1, "iter": 600, "memory": 8792, "step": 600}
{"base_lr": 9.929105877325953e-05, "lr": 9.929105877325953e-05, "data_time": 0.10100242614746094, "grad_norm": 9.652436933517457, "loss": NaN, "inst_loss": NaN, "seg_loss": 0.4053679686784744, "time": 0.7212743234634399, "epoch": 2, "iter": 676, "memory": 9660, "step": 676}
{"base_lr": 9.929105877325953e-05, "lr": 9.929105877325953e-05, "data_time": 0.07650583267211913, "grad_norm": 9.369162254333496, "loss": 2.052867362499237, "inst_loss": 1.706952509880066, "seg_loss": 0.3459148460626602, "time": 0.6904783439636231, "epoch": 2, "iter": 726, "memory": 8703, "step": 726}
{"base_lr": 9.929105877325953e-05, "lr": 9.929105877325953e-05, "data_time": 0.08047241687774659, "grad_norm": 9.003028764724732, "loss": 2.0856907987594604, "inst_loss": 1.706821587085724, "seg_loss": 0.37886920750141145, "time": 0.6980619144439697, "epoch": 2, "iter": 776, "memory": 8501, "step": 776}
{"base_lr": 9.929105877325953e-05, "lr": 9.929105877325953e-05, "data_time": 0.07768471717834473, "grad_norm": 9.054677438735961, "loss": NaN, "inst_loss": NaN, "seg_loss": 0.40235971987247465, "time": 0.6914945840835571, "epoch": 2, "iter": 826, "memory": 8081, "step": 826}
{"base_lr": 9.929105877325953e-05, "lr": 9.929105877325953e-05, "data_time": 0.08022653579711914, "grad_norm": 9.449772624969482, "loss": 2.1376455760002138, "inst_loss": 1.754541175365448, "seg_loss": 0.38310439467430113, "time": 0.6958112382888794, "epoch": 2, "iter": 876, "memory": 9093, "step": 876}
{"base_lr": 9.929105877325953e-05, "lr": 9.929105877325953e-05, "data_time": 0.07790019035339356, "grad_norm": 8.795972604751586, "loss": 2.1203110337257387, "inst_loss": 1.7424116349220276, "seg_loss": 0.37789939641952514, "time": 0.6962652206420898, "epoch": 2, "iter": 926, "memory": 8510, "step": 926}
{"base_lr": 9.929105877325953e-05, "lr": 9.929105877325953e-05, "data_time": 0.07752810955047608, "grad_norm": 9.236014518737793, "loss": NaN, "inst_loss": NaN, "seg_loss": 0.3959665393829346, "time": 0.6978516006469726, "epoch": 2, "iter": 976, "memory": 8431, "step": 976}
{"base_lr": 9.929105877325953e-05, "lr": 9.929105877325953e-05, "data_time": 0.08069341659545898, "grad_norm": 8.54966417312622, "loss": NaN, "inst_loss": NaN, "seg_loss": 0.376506033539772, "time": 0.6931759977340698, "epoch": 2, "iter": 1026, "memory": 8735, "step": 1026}
{"base_lr": 9.929105877325953e-05, "lr": 9.929105877325953e-05, "data_time": 0.07981872081756591, "grad_norm": 8.883130588531493, "loss": NaN, "inst_loss": NaN, "seg_loss": 0.38783879548311234, "time": 0.6981484651565552, "epoch": 2, "iter": 1076, "memory": 8784, "step": 1076}
{"base_lr": 9.929105877325953e-05, "lr": 9.929105877325953e-05, "data_time": 0.08085997104644775, "grad_norm": 8.974400539398193, "loss": NaN, "inst_loss": NaN, "seg_loss": 0.4052446359395981, "time": 0.6967356300354004, "epoch": 2, "iter": 1126, "memory": 8603, "step": 1126}
{"base_lr": 9.929105877325953e-05, "lr": 9.929105877325953e-05, "data_time": 0.0785832929611206, "grad_norm": 8.598045387268066, "loss": 2.107775917053223, "inst_loss": 1.7172801351547242, "seg_loss": 0.3904957890510559, "time": 0.7033332157135009, "epoch": 2, "iter": 1176, "memory": 9213, "step": 1176}
{"base_lr": 9.929105877325953e-05, "lr": 9.929105877325953e-05, "data_time": 0.0795007038116455, "grad_norm": 8.230204801559449, "loss": NaN, "inst_loss": NaN, "seg_loss": 0.3750045210123062, "time": 0.7016477775573731, "epoch": 2, "iter": 1226, "memory": 9469, "step": 1226}
{"base_lr": 9.858155466521104e-05, "lr": 9.858155466521104e-05, "data_time": 0.09196065902709961, "grad_norm": 8.646805086135863, "loss": 2.0689479303359986, "inst_loss": 1.6748158812522889, "seg_loss": 0.3941320478916168, "time": 0.7145171356201172, "epoch": 3, "iter": 1302, "memory": 9009, "step": 1302}
