{"lr": 0.0001, "data_time": 0.034628868103027344, "grad_norm": 25.024057388305664, "loss": 8.250750541687012, "inst_loss": 6.6834025382995605, "seg_loss": 1.4762837886810303, "loss_clip": 0.09106428921222687, "time": 2.1178786754608154, "epoch": 1, "iter": 50, "memory": 16396, "step": 50}
