{"base_lr": 0.0001, "lr": 0.0001, "data_time": 0.09645266532897949, "grad_norm": 7.827899923324585, "loss": NaN, "inst_loss": NaN, "seg_loss": 0.18767603263258933, "time": 0.7562895107269287, "epoch": 1, "iter": 50, "memory": 9482, "step": 50}
{"base_lr": 0.0001, "lr": 0.0001, "data_time": 0.07533915996551514, "grad_norm": 7.4608323192596435, "loss": NaN, "inst_loss": NaN, "seg_loss": 0.20015865415334702, "time": 0.71384033203125, "epoch": 1, "iter": 100, "memory": 8706, "step": 100}
{"base_lr": 0.0001, "lr": 0.0001, "data_time": 0.07717692852020264, "grad_norm": 8.261673641204833, "loss": NaN, "inst_loss": NaN, "seg_loss": 0.2043351337313652, "time": 0.7143674564361572, "epoch": 1, "iter": 150, "memory": 10682, "step": 150}
{"base_lr": 0.0001, "lr": 0.0001, "data_time": 0.07696968078613281, "grad_norm": 7.618947954177856, "loss": NaN, "inst_loss": NaN, "seg_loss": 0.2141942372918129, "time": 0.6928755187988281, "epoch": 1, "iter": 200, "memory": 8849, "step": 200}
{"base_lr": 0.0001, "lr": 0.0001, "data_time": 0.07659579277038574, "grad_norm": 7.1902365970611575, "loss": 1.5306324183940887, "inst_loss": 1.315851490497589, "seg_loss": 0.21478092402219773, "time": 0.6912405061721801, "epoch": 1, "iter": 250, "memory": 9020, "step": 250}
{"base_lr": 0.0001, "lr": 0.0001, "data_time": 0.07816027164459229, "grad_norm": 7.424133262634277, "loss": NaN, "inst_loss": NaN, "seg_loss": 0.22291944712400436, "time": 0.7010781002044678, "epoch": 1, "iter": 300, "memory": 9388, "step": 300}
{"base_lr": 0.0001, "lr": 0.0001, "data_time": 0.07439435482025146, "grad_norm": 7.731304078102112, "loss": NaN, "inst_loss": NaN, "seg_loss": 0.2300240570306778, "time": 0.6915655136108398, "epoch": 1, "iter": 350, "memory": 10062, "step": 350}
