{"lr": 0.0001, "data_time": 0.010149240493774414, "grad_norm": 19.042978286743164, "loss": 10.275108337402344, "inst_loss": 8.71255111694336, "seg_loss": 1.4721124172210693, "loss_clip": 0.0904441624879837, "time": 0.5756914615631104, "epoch": 1, "iter": 50, "memory": 8083, "step": 50}
{"lr": 0.0001, "data_time": 0.01279449462890625, "grad_norm": 12.640603065490723, "loss": 9.781778335571289, "inst_loss": 8.30219554901123, "seg_loss": 1.3971105813980103, "loss_clip": 0.08247195184230804, "time": 0.5628767013549805, "epoch": 1, "iter": 100, "memory": 7967, "step": 100}
{"lr": 0.0001, "data_time": 0.007747173309326172, "grad_norm": 34.650753021240234, "loss": 9.848555564880371, "inst_loss": 8.329627990722656, "seg_loss": 1.4441888332366943, "loss_clip": 0.07473842054605484, "time": 0.5608313083648682, "epoch": 1, "iter": 150, "memory": 7967, "step": 150}
{"lr": 0.0001, "data_time": 0.011283636093139648, "grad_norm": 12.40518856048584, "loss": 8.677653312683105, "inst_loss": 7.437939643859863, "seg_loss": 1.1721490621566772, "loss_clip": 0.06756464391946793, "time": 0.5819089412689209, "epoch": 1, "iter": 200, "memory": 7972, "step": 200}
{"lr": 0.0001, "data_time": 0.010802268981933594, "grad_norm": 23.14328956604004, "loss": 8.944252014160156, "inst_loss": 7.4054856300354, "seg_loss": 1.4721015691757202, "loss_clip": 0.06666512042284012, "time": 0.567018985748291, "epoch": 1, "iter": 250, "memory": 7949, "step": 250}
