{"lr": 0.0001, "data_time": 0.06381511688232422, "loss": 4.276848793029785, "inst_loss": 3.210026502609253, "seg_loss": 1.0449117422103882, "loss_clip": 0.021910617128014565, "time": 0.8262102603912354, "grad_norm": 11.470026016235352, "epoch": 1, "iter": 50, "memory": 9565, "step": 50}
{"lr": 0.0001, "data_time": 0.005781650543212891, "loss": 4.858869552612305, "inst_loss": 3.988046646118164, "seg_loss": 0.8492104411125183, "loss_clip": 0.02161249704658985, "time": 0.8222682476043701, "grad_norm": 9.88272762298584, "epoch": 1, "iter": 100, "memory": 9749, "step": 100}
{"lr": 0.0001, "data_time": 0.005580425262451172, "loss": 5.554385662078857, "inst_loss": 4.303636074066162, "seg_loss": 1.2295366525650024, "loss_clip": 0.0212129857391119, "time": 0.8345563411712646, "grad_norm": 10.222922325134277, "epoch": 1, "iter": 150, "memory": 9548, "step": 150}
{"lr": 0.0001, "data_time": 0.010527372360229492, "loss": 4.032039642333984, "inst_loss": 3.279219627380371, "seg_loss": 0.7315639853477478, "loss_clip": 0.02125590108335018, "time": 0.8202524185180664, "grad_norm": 10.010696411132812, "epoch": 1, "iter": 200, "memory": 9573, "step": 200}
{"lr": 0.0001, "data_time": 0.01774883270263672, "loss": 4.607542991638184, "inst_loss": 3.6550498008728027, "seg_loss": 0.9305071830749512, "loss_clip": 0.021985774859786034, "time": 0.8376240730285645, "grad_norm": 11.41596508026123, "epoch": 1, "iter": 250, "memory": 9621, "step": 250}
{"lr": 0.0001, "data_time": 0.008603572845458984, "loss": 4.309926986694336, "inst_loss": 3.4562501907348633, "seg_loss": 0.8328167796134949, "loss_clip": 0.020860029384493828, "time": 1.7281744480133057, "grad_norm": 11.006664276123047, "epoch": 1, "iter": 300, "memory": 9686, "step": 300}
{"lr": 0.0001, "data_time": 0.057539939880371094, "loss": 3.9879813194274902, "inst_loss": 3.130160093307495, "seg_loss": 0.8364896774291992, "loss_clip": 0.021331602707505226, "time": 1.7609422206878662, "grad_norm": 12.173916816711426, "epoch": 1, "iter": 350, "memory": 9620, "step": 350}
{"lr": 0.0001, "data_time": 0.008504629135131836, "loss": 4.506557464599609, "inst_loss": 3.288341760635376, "seg_loss": 1.1969554424285889, "loss_clip": 0.021260060369968414, "time": 1.634035348892212, "grad_norm": 13.816645622253418, "epoch": 1, "iter": 400, "memory": 9619, "step": 400}
{"lr": 0.0001, "data_time": 0.007169246673583984, "loss": 4.1468353271484375, "inst_loss": 3.091855049133301, "seg_loss": 1.0339884757995605, "loss_clip": 0.020991843193769455, "time": 1.666032075881958, "grad_norm": 9.944022178649902, "epoch": 1, "iter": 450, "memory": 9609, "step": 450}
{"lr": 0.0001, "data_time": 0.0076084136962890625, "loss": 4.603514194488525, "inst_loss": 3.6960678100585938, "seg_loss": 0.8861169815063477, "loss_clip": 0.021329566836357117, "time": 1.7334141731262207, "grad_norm": 12.845847129821777, "epoch": 1, "iter": 500, "memory": 9531, "step": 500}
{"lr": 0.0001, "data_time": 0.06356000900268555, "loss": 4.232031345367432, "inst_loss": 3.354666233062744, "seg_loss": 0.8555259704589844, "loss_clip": 0.02183927409350872, "time": 0.8567297458648682, "grad_norm": 12.431384086608887, "epoch": 1, "iter": 550, "memory": 9636, "step": 550}
{"lr": 0.0001, "data_time": 0.006590604782104492, "loss": 5.289613246917725, "inst_loss": 4.102973937988281, "seg_loss": 1.165134310722351, "loss_clip": 0.021504834294319153, "time": 0.8183810710906982, "grad_norm": 16.366519927978516, "epoch": 1, "iter": 600, "memory": 9572, "step": 600}
{"lr": 0.0001, "data_time": 0.0065305233001708984, "loss": 4.298463344573975, "inst_loss": 3.6452667713165283, "seg_loss": 0.6318394541740417, "loss_clip": 0.021357102319598198, "time": 0.8315179347991943, "grad_norm": 11.894529342651367, "epoch": 1, "iter": 650, "memory": 9452, "step": 650}
{"lr": 0.0001, "data_time": 0.0064051151275634766, "loss": 4.650961875915527, "inst_loss": 3.6071419715881348, "seg_loss": 1.0232104063034058, "loss_clip": 0.020609423518180847, "time": 0.8476564884185791, "grad_norm": 11.507950782775879, "epoch": 1, "iter": 700, "memory": 9481, "step": 700}
{"lr": 0.0001, "data_time": 0.0062255859375, "loss": 4.242539882659912, "inst_loss": 3.4104442596435547, "seg_loss": 0.8109280467033386, "loss_clip": 0.021167613565921783, "time": 0.8495140075683594, "grad_norm": 12.41224479675293, "epoch": 1, "iter": 750, "memory": 9642, "step": 750}
{"lr": 0.0001, "data_time": 0.005976200103759766, "loss": 4.531408309936523, "inst_loss": 3.6519408226013184, "seg_loss": 0.8587360382080078, "loss_clip": 0.020731499418616295, "time": 0.8450057506561279, "grad_norm": 10.21679401397705, "epoch": 1, "iter": 800, "memory": 9547, "step": 800}
{"lr": 0.0001, "data_time": 0.07610034942626953, "loss": 4.890373706817627, "inst_loss": 3.9191884994506836, "seg_loss": 0.950857400894165, "loss_clip": 0.020328251644968987, "time": 0.8893344402313232, "grad_norm": 8.94853401184082, "epoch": 1, "iter": 850, "memory": 9701, "step": 850}
{"lr": 0.0001, "data_time": 0.008139610290527344, "loss": 3.983596086502075, "inst_loss": 3.049341917037964, "seg_loss": 0.9134418368339539, "loss_clip": 0.020812345668673515, "time": 1.470839262008667, "grad_norm": 9.446378707885742, "epoch": 1, "iter": 900, "memory": 9544, "step": 900}
{"lr": 0.0001, "data_time": 0.005625247955322266, "loss": 5.3541717529296875, "inst_loss": 4.210477352142334, "seg_loss": 1.1225990056991577, "loss_clip": 0.02109535224735737, "time": 0.8192489147186279, "grad_norm": 8.877777099609375, "epoch": 1, "iter": 950, "memory": 9584, "step": 950}
{"lr": 0.0001, "data_time": 0.0053789615631103516, "loss": 4.819732666015625, "inst_loss": 3.93049955368042, "seg_loss": 0.8691978454589844, "loss_clip": 0.020035194233059883, "time": 0.8394577503204346, "grad_norm": 15.576395988464355, "epoch": 1, "iter": 1000, "memory": 9694, "step": 1000}
{"lr": 0.0001, "data_time": 0.0059299468994140625, "loss": 4.840051174163818, "inst_loss": 3.780137538909912, "seg_loss": 1.0391771793365479, "loss_clip": 0.020736059173941612, "time": 0.8735101222991943, "grad_norm": 9.603759765625, "epoch": 1, "iter": 1050, "memory": 9596, "step": 1050}
{"lr": 0.0001, "data_time": 0.00586390495300293, "loss": 4.6779890060424805, "inst_loss": 3.5707640647888184, "seg_loss": 1.0865020751953125, "loss_clip": 0.020722724497318268, "time": 0.8633151054382324, "grad_norm": 9.821995735168457, "epoch": 1, "iter": 1100, "memory": 9540, "step": 1100}
{"lr": 0.0001, "data_time": 0.07203173637390137, "loss": 4.005316734313965, "inst_loss": 3.040154457092285, "seg_loss": 0.945036768913269, "loss_clip": 0.020125476643443108, "time": 0.8570601940155029, "grad_norm": 8.353157043457031, "epoch": 1, "iter": 1150, "memory": 9676, "step": 1150}
{"lr": 0.0001, "data_time": 0.005564451217651367, "loss": 5.466089725494385, "inst_loss": 4.2979655265808105, "seg_loss": 1.1475270986557007, "loss_clip": 0.020596982911229134, "time": 0.8504030704498291, "grad_norm": 22.452280044555664, "epoch": 1, "iter": 1200, "memory": 9661, "step": 1200}
{"lr": 0.0001, "data_time": 0.0058176517486572266, "loss": 4.567469596862793, "inst_loss": 3.71598482131958, "seg_loss": 0.8306044340133667, "loss_clip": 0.020880458876490593, "time": 0.8387696743011475, "grad_norm": 12.621479988098145, "epoch": 1, "iter": 1250, "memory": 9726, "step": 1250}
{"lr": 0.0001, "data_time": 0.0055828094482421875, "loss": 3.7402663230895996, "inst_loss": 2.9819326400756836, "seg_loss": 0.7378689646720886, "loss_clip": 0.020464733242988586, "time": 0.8495364189147949, "grad_norm": 10.451845169067383, "epoch": 1, "iter": 1300, "memory": 9616, "step": 1300}
{"lr": 0.0001, "data_time": 0.0055353641510009766, "loss": 3.9740092754364014, "inst_loss": 3.2455453872680664, "seg_loss": 0.7080451846122742, "loss_clip": 0.020418662577867508, "time": 0.867706298828125, "grad_norm": 12.990699768066406, "epoch": 1, "iter": 1350, "memory": 9506, "step": 1350}
{"lr": 0.0001, "data_time": 0.019182443618774414, "loss": 4.273331642150879, "inst_loss": 3.4409611225128174, "seg_loss": 0.8117684125900269,