{"lr": 5e-05, "data_time": 0.07307696342468262, "loss": 10.396824836730957, "inst_loss": 8.23831844329834, "seg_loss": 2.091426134109497, "loss_clip": 0.06708095967769623, "fusion_2d_ratio": 0.12198000401258469, "fusion_3d_ratio": 0.8780199885368347, "avg_confidence": 0.12198000401258469, "valid_points_ratio": 0.05494999885559082, "time": 0.5849509239196777, "grad_norm": 185.75245666503906, "epoch": 1, "iter": 10, "memory": 7182, "step": 10}
