{"base_lr": 0.0001, "lr": 0.0001, "data_time": 0.2760246706008911, "grad_norm": 8.332933130264282, "loss": NaN, "inst_loss": NaN, "seg_loss": 0.1794577319920063, "time": 0.8492526769638061, "epoch": 1, "iter": 50, "memory": 10185, "step": 50}
{"base_lr": 0.0001, "lr": 0.0001, "data_time": 0.27789477348327635, "grad_norm": 7.8764028739929195, "loss": NaN, "inst_loss": NaN, "seg_loss": 0.20467922061681748, "time": 0.8472446155548096, "epoch": 1, "iter": 100, "memory": 9086, "step": 100}
{"base_lr": 0.0001, "lr": 0.0001, "data_time": 0.28371974468231204, "grad_norm": 8.09638105392456, "loss": 1.5391287183761597, "inst_loss": 1.3243636560440064, "seg_loss": 0.21476506173610688, "time": 0.8591921663284302, "epoch": 1, "iter": 150, "memory": 9304, "step": 150}
{"base_lr": 0.0001, "lr": 0.0001, "data_time": 0.27672420024871824, "grad_norm": 8.211827878952027, "loss": NaN, "inst_loss": NaN, "seg_loss": 0.21443981558084488, "time": 0.8487146472930909, "epoch": 1, "iter": 200, "memory": 9507, "step": 200}
{"base_lr": 0.0001, "lr": 0.0001, "data_time": 0.27647330284118654, "grad_norm": 7.572636098861694, "loss": NaN, "inst_loss": NaN, "seg_loss": 0.21923013687133788, "time": 0.8453203344345093, "epoch": 1, "iter": 250, "memory": 9544, "step": 250}
{"base_lr": 0.0001, "lr": 0.0001, "data_time": 0.2807998991012573, "grad_norm": 7.723747072219848, "loss": NaN, "inst_loss": NaN, "seg_loss": 0.2319646444916725, "time": 0.8561539936065674, "epoch": 1, "iter": 300, "memory": 9443, "step": 300}
{"base_lr": 0.0001, "lr": 0.0001, "data_time": 0.2808139419555664, "grad_norm": 7.954688892364502, "loss": NaN, "inst_loss": NaN, "seg_loss": 0.24005992472171783, "time": 0.853284764289856, "epoch": 1, "iter": 350, "memory": 9876, "step": 350}
{"base_lr": 0.0001, "lr": 0.0001, "data_time": 0.2844795989990234, "grad_norm": 7.355549898147583, "loss": 1.6013519406318664, "inst_loss": 1.3705199372768402, "seg_loss": 0.23083199679851532, "time": 0.8607615852355956, "epoch": 1, "iter": 400, "memory": 9833, "step": 400}
{"base_lr": 0.0001, "lr": 0.0001, "data_time": 0.28560107231140136, "grad_norm": 7.435134296417236, "loss": NaN, "inst_loss": NaN, "seg_loss": 0.2273901191353798, "time": 0.8683712530136108, "epoch": 1, "iter": 450, "memory": 10502, "step": 450}
{"base_lr": 0.0001, "lr": 0.0001, "data_time": 0.281509108543396, "grad_norm": 7.613499155044556, "loss": 1.5774591565132141, "inst_loss": 1.3532804155349731, "seg_loss": 0.2241787326335907, "time": 0.8539064502716065, "epoch": 1, "iter": 500, "memory": 8870, "step": 500}
{"base_lr": 0.0001, "lr": 0.0001, "data_time": 0.27968956470489503, "grad_norm": 6.867096557617187, "loss": NaN, "inst_loss": NaN, "seg_loss": 0.23575818210840224, "time": 0.8608339738845825, "epoch": 1, "iter": 550, "memory": 9403, "step": 550}
{"base_lr": 0.0001, "lr": 0.0001, "data_time": 0.28472339153289794, "grad_norm": 7.115777425765991, "loss": NaN, "inst_loss": NaN, "seg_loss": 0.22464811950922012, "time": 0.8633514499664307, "epoch": 1, "iter": 600, "memory": 9239, "step": 600}
{"base_lr": 9.929105877325953e-05, "lr": 9.929105877325953e-05, "data_time": 0.2817780876159668, "grad_norm": 7.099284057617187, "loss": NaN, "inst_loss": NaN, "seg_loss": 0.21969895750284196, "time": 0.8610590410232544, "epoch": 2, "iter": 676, "memory": 9715, "step": 676}
{"base_lr": 9.929105877325953e-05, "lr": 9.929105877325953e-05, "data_time": 0.27992021560668945, "grad_norm": 7.672514181137085, "loss": NaN, "inst_loss": NaN, "seg_loss": 0.24331573367118836, "time": 0.8512302494049072, "epoch": 2, "iter": 726, "memory": 8928, "step": 726}
{"base_lr": 9.929105877325953e-05, "lr": 9.929105877325953e-05, "data_time": 0.2797128295898437, "grad_norm": 7.33160062789917, "loss": NaN, "inst_loss": NaN, "seg_loss": 0.2363395267724991, "time": 0.8549484539031983, "epoch": 2, "iter": 776, "memory": 8845, "step": 776}
{"base_lr": 9.929105877325953e-05, "lr": 9.929105877325953e-05, "data_time": 0.28012087345123293, "grad_norm": 7.461923093795776, "loss": 1.6303920316696168, "inst_loss": 1.3904813027381897, "seg_loss": 0.23991072803735733, "time": 0.8531374788284302, "epoch": 2, "iter": 826, "memory": 8557, "step": 826}
{"base_lr": 9.929105877325953e-05, "lr": 9.929105877325953e-05, "data_time": 0.2807673215866089, "grad_norm": 6.803126859664917, "loss": NaN, "inst_loss": NaN, "seg_loss": 0.23324397921562195, "time": 0.8526713943481445, "epoch": 2, "iter": 876, "memory": 9387, "step": 876}
{"base_lr": 9.929105877325953e-05, "lr": 9.929105877325953e-05, "data_time": 0.2831520318984985, "grad_norm": 6.909555807113647, "loss": NaN, "inst_loss": NaN, "seg_loss": 0.23964478597044944, "time": 0.8566311311721801, "epoch": 2, "iter": 926, "memory": 8603, "step": 926}
{"base_lr": 9.929105877325953e-05, "lr": 9.929105877325953e-05, "data_time": 0.28247830390930173, "grad_norm": 7.25411286354065, "loss": NaN, "inst_loss": NaN, "seg_loss": 0.2352771779894829, "time": 0.85632080078125, "epoch": 2, "iter": 976, "memory": 9971, "step": 976}
