{"lr": 0.0001, "data_time": 0.08075493335723877, "grad_norm": 47.8799720954895, "loss": NaN, "inst_loss": NaN, "seg_loss": 1.9844830060005187, "time": 0.6004972743988037, "epoch": 1, "iter": 50, "memory": 4818, "step": 50}
{"lr": 0.0001, "data_time": 0.05983147144317627, "grad_norm": 21.250585079193115, "loss": NaN, "inst_loss": NaN, "seg_loss": 1.4245039677619935, "time": 0.5771561384201049, "epoch": 1, "iter": 100, "memory": 4725, "step": 100}
{"lr": 0.0001, "data_time": 0.05638504981994629, "grad_norm": 19.66640100479126, "loss": 4.866273803710937, "inst_loss": 3.638642840385437, "seg_loss": 1.227630958557129, "time": 0.5665209007263183, "epoch": 1, "iter": 150, "memory": 4686, "step": 150}
{"lr": 0.0001, "data_time": 0.05708111763000488, "grad_norm": 15.81327703475952, "loss": 4.463407483100891, "inst_loss": 3.3137388610839844, "seg_loss": 1.1496685683727264, "time": 0.5740521430969239, "epoch": 1, "iter": 200, "memory": 4813, "step": 200}
{"lr": 0.0001, "data_time": 0.05641393184661865, "grad_norm": 15.044530792236328, "loss": NaN, "inst_loss": NaN, "seg_loss": 1.08037571310997, "time": 0.5726849460601806, "epoch": 1, "iter": 250, "memory": 4765, "step": 250}
{"lr": 0.0001, "data_time": 0.0555220890045166, "grad_norm": 13.652730159759521, "loss": NaN, "inst_loss": NaN, "seg_loss": 1.0572744166851045, "time": 0.5727142381668091, "epoch": 1, "iter": 300, "memory": 4657, "step": 300}
