{"lr": 5e-05, "data_time": 0.08242964744567871, "loss": NaN, "inst_loss": NaN, "seg_loss": 2.1466777324676514, "loss_clip": 0.052694667130708694, "fusion_2d_ratio": 0.13131999969482422, "fusion_3d_ratio": 0.8686800003051758, "avg_confidence": 0.13131999969482422, "valid_points_ratio": 0.07829999923706055, "time": 0.5675220489501953, "grad_norm": 27.864824295043945, "epoch": 1, "iter": 10, "memory": 7209, "step": 10}
